2023 Lower Weather Meterological Hourly Data (Summary),,
,,
Reference Dataset with the following format:,,
,"[Year of data collection] Meteorological data from Dry Creek Experimental Watershed. Watershed Process Research Group, Boise State University",
, URL: earth.boisestate.edu/drycreek. Multi-paged. [month and day of data download].,
,,
,,
,Column.Variable-units| Description,
,1. DateTime| Time stamp of variable collection time [MM/DD/YY  hr:mm],
,2. Precipitation-mm| Cumulative Shielded Rain gage Depth [mm],
,"3. AirTemperature-C| Air Temperature at 2m above ground, Averaged [C]",
,"4. SolarRadiation-Watts/m2| Solar Radiation, Averaged [Watts/m2]",
,"5. Net Radiation-Watts/m2| Net Radiation, Averaged [Watts/m2]",
,"6. Relative Humidity-%| Relative Humidity at 2m above ground , Averaged [%]",
,7. Wind Direction-Degree| Mean Resultant Wind Direction at 2m above ground [Degree],
,"8. Wind Speed-m/s| Wind Speed at 2m above ground, Averaged [m/s]",
,"9.Snow Depth-cm| Filtered depth of snow above ground, Acoustic Sensor [cm]",
,Note: -6999 denotes missing data,
,,
DateTime,Precipitation-mm,AirTemperature-C
1/1/2023 0:00,321.5,-2.706
1/1/2023 1:00,321.4,-2.807
1/1/2023 2:00,321.4,-3.308
1/1/2023 3:00,321.2,-3.753
1/1/2023 4:00,321.3,-4.051
1/1/2023 5:00,321.2,-4.624
1/1/2023 6:00,321,-4.259
1/1/2023 7:00,321.3,-3.701
1/1/2023 8:00,321.6,-4.295
1/1/2023 9:00,321.2,-5.175
1/1/2023 10:00,321.4,-4.447
1/1/2023 11:00,321.1,-3.677
1/1/2023 12:00,321.3,-3.179
1/1/2023 13:00,321.3,-2.567
1/1/2023 14:00,321.3,-2.245
1/1/2023 15:00,321.1,-1.413
1/1/2023 16:00,321.6,-0.555
1/1/2023 17:00,321.3,-0.33
1/1/2023 18:00,321.3,-0.139
1/1/2023 19:00,321.6,-0.174
1/1/2023 20:00,321.3,-1.15
1/1/2023 21:00,321.4,-2.182
1/1/2023 22:00,321.4,-3.204
1/1/2023 23:00,321.8,-2.248
1/2/2023 0:00,321.2,-3.018
1/2/2023 1:00,321.3,-4.875
1/2/2023 2:00,321.4,-5.097
1/2/2023 3:00,321.4,-4.826
1/2/2023 4:00,321.4,-5.337
1/2/2023 5:00,321.1,-5.441
1/2/2023 6:00,321.5,-5.756
1/2/2023 7:00,321.5,-7.065
1/2/2023 8:00,321.4,-7.036
1/2/2023 9:00,322.2,-6.342
1/2/2023 10:00,319.7,-6.038
1/2/2023 11:00,321.4,-4.003
1/2/2023 12:00,321.5,-1.545
1/2/2023 13:00,321.7,-1.92
1/2/2023 14:00,321.4,-1.358
1/2/2023 15:00,318.3,-0.759
1/2/2023 16:00,321.1,-0.999
1/2/2023 17:00,321.2,-1.733
1/2/2023 18:00,321.6,-3.647
1/2/2023 19:00,320.9,-5.072
1/2/2023 20:00,321.5,-4.498
1/2/2023 21:00,321.3,-3.757
1/2/2023 22:00,321.3,-3.576
1/2/2023 23:00,333.3,-3.177
1/3/2023 0:00,333.7,-3.217
1/3/2023 1:00,336.1,-2.473
1/3/2023 2:00,336.7,-3.551
1/3/2023 3:00,337.2,-3.078
1/3/2023 4:00,337.7,-4.099
1/3/2023 5:00,338.8,-6.423
1/3/2023 6:00,340.5,-5.665
1/3/2023 7:00,341.2,-5.046
1/3/2023 8:00,342.3,-5.169
1/3/2023 9:00,343,-4.515
1/3/2023 10:00,343.8,-4.923
1/3/2023 11:00,346.3,-3.607
1/3/2023 12:00,347.3,-2.323
1/3/2023 13:00,347.7,-1.887
1/3/2023 14:00,348.3,-1.356
1/3/2023 15:00,348.8,-1.961
1/3/2023 16:00,350,-1.83
1/3/2023 17:00,351,-1.178
1/3/2023 18:00,351.6,-1.327
1/3/2023 19:00,352.6,-0.318
1/3/2023 20:00,358.6,-1.276
1/3/2023 21:00,359.9,-2.616
1/3/2023 22:00,360.9,-2.509
1/3/2023 23:00,362.1,-2.51
1/4/2023 0:00,363,-1.891
1/4/2023 1:00,364.5,-0.406
1/4/2023 2:00,365.9,-1.083
1/4/2023 3:00,366.7,-0.232
1/4/2023 4:00,367.5,-0.736
1/4/2023 5:00,367.7,0.396
1/4/2023 6:00,366.8,0.82
1/4/2023 7:00,366.2,0.164
1/4/2023 8:00,367.3,-2.291
1/4/2023 9:00,370,1.157
1/4/2023 10:00,370.5,2.376
1/4/2023 11:00,371,3.08
1/4/2023 12:00,373.6,3.868
1/4/2023 13:00,374.5,4.067
1/4/2023 14:00,376.1,4.243
1/4/2023 15:00,375,4.155
1/4/2023 16:00,376.7,4.139
1/4/2023 17:00,374.9,3.78
1/4/2023 18:00,375.3,4.09
1/4/2023 19:00,375.3,4.108
1/4/2023 20:00,375.1,3.969
1/4/2023 21:00,375.1,4.401
1/4/2023 22:00,376,4.67
1/4/2023 23:00,375.8,4.895
1/5/2023 0:00,375.7,4.846
1/5/2023 1:00,374.9,4.363
1/5/2023 2:00,375.2,4.932
1/5/2023 3:00,375.7,5.021
1/5/2023 4:00,,5.392
1/5/2023 5:00,,5.85
1/5/2023 6:00,,5.576
1/5/2023 7:00,,6.479
1/5/2023 8:00,,6.362
1/5/2023 9:00,,6.042
1/5/2023 10:00,,6.111
1/5/2023 11:00,,5.91
1/5/2023 12:00,,6.432
1/5/2023 13:00,,6.726
1/5/2023 14:00,,6.843
1/5/2023 15:00,,5.591
1/5/2023 16:00,,3.405
1/5/2023 17:00,,2.401
1/5/2023 18:00,,3.498
1/5/2023 19:00,,3.598
1/5/2023 20:00,,3.731
1/5/2023 21:00,,3.53
1/5/2023 22:00,,3.205
1/5/2023 23:00,,3.282
1/6/2023 0:00,,2.013
1/6/2023 1:00,,1.881
1/6/2023 2:00,,1.953
1/6/2023 3:00,,1.982
1/6/2023 4:00,,1.945
1/6/2023 5:00,,1.876
1/6/2023 6:00,,1.518
1/6/2023 7:00,,1.866
1/6/2023 8:00,,2.335
1/6/2023 9:00,,1.951
1/6/2023 10:00,,0.894
1/6/2023 11:00,,2.716
1/6/2023 12:00,,3.671
1/6/2023 13:00,,3.945
1/6/2023 14:00,,4.208
1/6/2023 15:00,,4.741
1/6/2023 16:00,,5.481
1/6/2023 17:00,,5.182
1/6/2023 18:00,,3.087
1/6/2023 19:00,,2.192
1/6/2023 20:00,,1.59
1/6/2023 21:00,,1.192
1/6/2023 22:00,,1.918
1/6/2023 23:00,,2.929
1/7/2023 0:00,,3.257
1/7/2023 1:00,,3.013
1/7/2023 2:00,,3.28
1/7/2023 3:00,,2.993
1/7/2023 4:00,,3.29
1/7/2023 5:00,,3.563
1/7/2023 6:00,,3.543
1/7/2023 7:00,,3.743
1/7/2023 8:00,,4.15
1/7/2023 9:00,,4.294
1/7/2023 10:00,,4.434
1/7/2023 11:00,,4.869
1/7/2023 12:00,,5.265
1/7/2023 13:00,,6.234
1/7/2023 14:00,,7.16
1/7/2023 15:00,,7.024
1/7/2023 16:00,,6.805
1/7/2023 17:00,,6.557
1/7/2023 18:00,,6.675
1/7/2023 19:00,,6.033
1/7/2023 20:00,,6.524
1/7/2023 21:00,,5.786
1/7/2023 22:00,,5.292
1/7/2023 23:00,,5.389
1/8/2023 0:00,,5.349
1/8/2023 1:00,,5.503
1/8/2023 2:00,,4.94
1/8/2023 3:00,,5.003
1/8/2023 4:00,,6.25
1/8/2023 5:00,,5.014
1/8/2023 6:00,,6.131
1/8/2023 7:00,,5.888
1/8/2023 8:00,,6.094
1/8/2023 9:00,,5.777
1/8/2023 10:00,,7.312
1/8/2023 11:00,,7.145
1/8/2023 12:00,,6.895
1/8/2023 13:00,,5.455
1/8/2023 14:00,,5.17
1/8/2023 15:00,,6.184
1/8/2023 16:00,,6.716
1/8/2023 17:00,,6.506
1/8/2023 18:00,,5.598
1/8/2023 19:00,,4.221
1/8/2023 20:00,,2.546
1/8/2023 21:00,,2.62
1/8/2023 22:00,,3.193
1/8/2023 23:00,,4.312
1/9/2023 0:00,,5.149
1/9/2023 1:00,,4.631
1/9/2023 2:00,,4.543
1/9/2023 3:00,,4.828
1/9/2023 4:00,,4.438
1/9/2023 5:00,,4.804
1/9/2023 6:00,,5.033
1/9/2023 7:00,,4.863
1/9/2023 8:00,,5.823
1/9/2023 9:00,,5.499
1/9/2023 10:00,,4.733
1/9/2023 11:00,,3.682
1/9/2023 12:00,,4.402
1/9/2023 13:00,,4.931
1/9/2023 14:00,,5.496
1/9/2023 15:00,,6.514
1/9/2023 16:00,,6.894
1/9/2023 17:00,,6.415
1/9/2023 18:00,,6.073
1/9/2023 19:00,,5.802
1/9/2023 20:00,,4.881
1/9/2023 21:00,,2.915
1/9/2023 22:00,,2.694
1/9/2023 23:00,,3.028
1/10/2023 0:00,,2.861
1/10/2023 1:00,,2.647
1/10/2023 2:00,,1.974
1/10/2023 3:00,,1.94
1/10/2023 4:00,,2.176
1/10/2023 5:00,,1.716
1/10/2023 6:00,,-0.421
1/10/2023 7:00,,0.95
1/10/2023 8:00,,1.869
1/10/2023 9:00,,2.712
1/10/2023 10:00,,3.11
1/10/2023 11:00,,3.027
1/10/2023 12:00,,1.242
1/10/2023 13:00,,1.818
1/10/2023 14:00,,4.601
1/10/2023 15:00,,0.739
1/10/2023 16:00,,0.042
1/10/2023 17:00,,-0.027
1/10/2023 18:00,,0.304
1/10/2023 19:00,,0.992
1/10/2023 20:00,,1.618
1/10/2023 21:00,,1.345
1/10/2023 22:00,,1.803
1/10/2023 23:00,,1.903
1/11/2023 0:00,,2.049
1/11/2023 1:00,,1.822
1/11/2023 2:00,,1.689
1/11/2023 3:00,,2
1/11/2023 4:00,,2.346
1/11/2023 5:00,,1.752
1/11/2023 6:00,,1.83
1/11/2023 7:00,,1.878
1/11/2023 8:00,,1.901
1/11/2023 9:00,,0.684
1/11/2023 10:00,,1.761
1/11/2023 11:00,,4.928
1/11/2023 12:00,,5.12
1/11/2023 13:00,,4.814
1/11/2023 14:00,,5.214
1/11/2023 15:00,,6.075
1/11/2023 16:00,,6.029
1/11/2023 17:00,,4.85
1/11/2023 18:00,,3.753
1/11/2023 19:00,,4.175
1/11/2023 20:00,,4.467
1/11/2023 21:00,,4.42
1/11/2023 22:00,,4.423
1/11/2023 23:00,,4.537
1/12/2023 0:00,,4.847
1/12/2023 1:00,,5.023
1/12/2023 2:00,,4.671
1/12/2023 3:00,,4.362
1/12/2023 4:00,,4.241
1/12/2023 5:00,,4.353
1/12/2023 6:00,,4.189
1/12/2023 7:00,,4.502
1/12/2023 8:00,,4.768
1/12/2023 9:00,,4.975
1/12/2023 10:00,,5.479
1/12/2023 11:00,,6.267
1/12/2023 12:00,,6.519
1/12/2023 13:00,,7.349
1/12/2023 14:00,,8.46
1/12/2023 15:00,,8.81
1/12/2023 16:00,,9.49
1/12/2023 17:00,,8.9
1/12/2023 18:00,,8.23
1/12/2023 19:00,,8.72
1/12/2023 20:00,,8.64
1/12/2023 21:00,,6.259
1/12/2023 22:00,,2.593
1/12/2023 23:00,,1.598
1/13/2023 0:00,,4.196
1/13/2023 1:00,,4.942
1/13/2023 2:00,,1.107
1/13/2023 3:00,,0.689
1/13/2023 4:00,,1.937
1/13/2023 5:00,,1.595
1/13/2023 6:00,,1.664
1/13/2023 7:00,,4.158
1/13/2023 8:00,,4.537
1/13/2023 9:00,,3.76
1/13/2023 10:00,,4.455
1/13/2023 11:00,,6.691
1/13/2023 12:00,,3.953
1/13/2023 13:00,,8.05
1/13/2023 14:00,,9.76
1/13/2023 15:00,,6.476
1/13/2023 16:00,,7.058
1/13/2023 17:00,,6.038
1/13/2023 18:00,,6.207
1/13/2023 19:00,,6.476
1/13/2023 20:00,,7.674
1/13/2023 21:00,,6.646
1/13/2023 22:00,,5.059
1/13/2023 23:00,,5.442
1/14/2023 0:00,,5.467
1/14/2023 1:00,,5.914
1/14/2023 2:00,,5.915
1/14/2023 3:00,,6.135
1/14/2023 4:00,,5.596
1/14/2023 5:00,,5.278
1/14/2023 6:00,,5.334
1/14/2023 7:00,,5.376
1/14/2023 8:00,,6.265
1/14/2023 9:00,,6.181
1/14/2023 10:00,,6.986
1/14/2023 11:00,,6.818
1/14/2023 12:00,,7.421
1/14/2023 13:00,,6.834
1/14/2023 14:00,,7.402
1/14/2023 15:00,,7.825
1/14/2023 16:00,,8.08
1/14/2023 17:00,,8.04
1/14/2023 18:00,,6.625
1/14/2023 19:00,,4.535
1/14/2023 20:00,,4.306
1/14/2023 21:00,,4.754
1/14/2023 22:00,,4.801
1/14/2023 23:00,,5.367
1/15/2023 0:00,,5.336
1/15/2023 1:00,,4.493
1/15/2023 2:00,,4.081
1/15/2023 3:00,,4.092
1/15/2023 4:00,,3.876
1/15/2023 5:00,,3.667
1/15/2023 6:00,,3.121
1/15/2023 7:00,,2.57
1/15/2023 8:00,,2.71
1/15/2023 9:00,,2.858
1/15/2023 10:00,,2.685
1/15/2023 11:00,,4.016
1/15/2023 12:00,,4.833
1/15/2023 13:00,,4.852
1/15/2023 14:00,,5.409
1/15/2023 15:00,,5.322
1/15/2023 16:00,,5.429
1/15/2023 17:00,,4.933
1/15/2023 18:00,,4.484
1/15/2023 19:00,,3.197
1/15/2023 20:00,,2.566
1/15/2023 21:00,,2.076
1/15/2023 22:00,,2.123
1/15/2023 23:00,,2.003
1/16/2023 0:00,,1.504
1/16/2023 1:00,,1.821
1/16/2023 2:00,,1.891
1/16/2023 3:00,,1.552
1/16/2023 4:00,,1.304
1/16/2023 5:00,,1.233
1/16/2023 6:00,,1.35
1/16/2023 7:00,,1.603
1/16/2023 8:00,,0.688
1/16/2023 9:00,,-0.642
1/16/2023 10:00,,0.025
1/16/2023 11:00,,1.096
1/16/2023 12:00,,2.823
1/16/2023 13:00,,3.571
1/16/2023 14:00,,3.752
1/16/2023 15:00,,4.163
1/16/2023 16:00,,3.466
1/16/2023 17:00,,2.632
1/16/2023 18:00,,1.595
1/16/2023 19:00,,0.445
1/16/2023 20:00,,0.354
1/16/2023 21:00,,-0.452
1/16/2023 22:00,,-0.878
1/16/2023 23:00,,-1.376
1/17/2023 0:00,,-1.918
1/17/2023 1:00,,-2.447
1/17/2023 2:00,,-2.812
1/17/2023 3:00,,-3.227
1/17/2023 4:00,,-4.066
1/17/2023 5:00,,-4.062
1/17/2023 6:00,,-3.809
1/17/2023 7:00,,-3.938
1/17/2023 8:00,,-3.673
1/17/2023 9:00,,-3.651
1/17/2023 10:00,,-2.522
1/17/2023 11:00,,-1.672
1/17/2023 12:00,,-0.71
1/17/2023 13:00,,0.601
1/17/2023 14:00,,1.755
1/17/2023 15:00,,2.758
1/17/2023 16:00,,3.265
1/17/2023 17:00,,2.916
1/17/2023 18:00,,1.713
1/17/2023 19:00,,0.389
1/17/2023 20:00,,-1.636
1/17/2023 21:00,,-1.603
1/17/2023 22:00,,-2.148
1/17/2023 23:00,,-2.375
1/18/2023 0:00,,-2.365
1/18/2023 1:00,,-3.278
1/18/2023 2:00,,-3.671
1/18/2023 3:00,,-3.73
1/18/2023 4:00,,-3.474
1/18/2023 5:00,,-3.509
1/18/2023 6:00,,-4.013
1/18/2023 7:00,,-3.705
1/18/2023 8:00,,-3.988
1/18/2023 9:00,,-2.752
1/18/2023 10:00,,-0.757
1/18/2023 11:00,,2.057
1/18/2023 12:00,,2.944
1/18/2023 13:00,,3.289
1/18/2023 14:00,,3.64
1/18/2023 15:00,,4.536
1/18/2023 16:00,,3.612
1/18/2023 17:00,,2.816
1/18/2023 18:00,,2.193
1/18/2023 19:00,,2.215
1/18/2023 20:00,,2.404
1/18/2023 21:00,,2.186
1/18/2023 22:00,,2.361
1/18/2023 23:00,,1.816
1/19/2023 0:00,,-0.13
1/19/2023 1:00,,-1.062
1/19/2023 2:00,,-0.786
1/19/2023 3:00,,-0.366
1/19/2023 4:00,,-0.814
1/19/2023 5:00,,-1.473
1/19/2023 6:00,,-1.578
1/19/2023 7:00,,-1.942
1/19/2023 8:00,,-2.808
1/19/2023 9:00,,-3.001
1/19/2023 10:00,,-2.986
1/19/2023 11:00,,-2.658
1/19/2023 12:00,,-2.189
1/19/2023 13:00,,-2.2
1/19/2023 14:00,,-1.768
1/19/2023 15:00,,-1.621
1/19/2023 16:00,,-1.607
1/19/2023 17:00,,-1.56
1/19/2023 18:00,,-2.156
1/19/2023 19:00,,-2.448
1/19/2023 20:00,,-2.656
1/19/2023 21:00,,-4.251
1/19/2023 22:00,,-5.45
1/19/2023 23:00,,-5.889
1/20/2023 0:00,,-6.867
1/20/2023 1:00,,-6.817
1/20/2023 2:00,,-6.9
1/20/2023 3:00,,-7.583
1/20/2023 4:00,,-7.435
1/20/2023 5:00,,-7.254
1/20/2023 6:00,,-8.05
1/20/2023 7:00,,-8.19
1/20/2023 8:00,,-9.01
1/20/2023 9:00,,-8.68
1/20/2023 10:00,,-6.799
1/20/2023 11:00,,-5.369
1/20/2023 12:00,,-3.76
1/20/2023 13:00,,-3.246
1/20/2023 14:00,,-3.176
1/20/2023 15:00,,-2.914
1/20/2023 16:00,,-2.993
1/20/2023 17:00,,-3.575
1/20/2023 18:00,,-5.105
1/20/2023 19:00,,-6.124
1/20/2023 20:00,,-5.586
1/20/2023 21:00,,-5.844
1/20/2023 22:00,,-5.858
1/20/2023 23:00,,-6.094
1/21/2023 0:00,,-6.596
1/21/2023 1:00,,-6.739
1/21/2023 2:00,,-6.707
1/21/2023 3:00,,-6.593
1/21/2023 4:00,,-6.597
1/21/2023 5:00,,-6.843
1/21/2023 6:00,,-7.058
1/21/2023 7:00,,-7.726
1/21/2023 8:00,,-8.02
1/21/2023 9:00,,-7.512
1/21/2023 10:00,,-4.734
1/21/2023 11:00,,-1.907
1/21/2023 12:00,,-2.484
1/21/2023 13:00,,-1.526
1/21/2023 14:00,,-1.73
1/21/2023 15:00,,-1.399
1/21/2023 16:00,,-1.142
1/21/2023 17:00,,-2.172
1/21/2023 18:00,,-3.768
1/21/2023 19:00,,-4.888
1/21/2023 20:00,,-5.847
1/21/2023 21:00,,-4.218
1/21/2023 22:00,,-4.201
1/21/2023 23:00,,-5.268
1/22/2023 0:00,,-5.652
1/22/2023 1:00,,-6.473
1/22/2023 2:00,,-6.805
1/22/2023 3:00,,-6.725
1/22/2023 4:00,,-6.595
1/22/2023 5:00,,-6.74
1/22/2023 6:00,,-6.747
1/22/2023 7:00,,-7.879
1/22/2023 8:00,,-7.092
1/22/2023 9:00,,-6.623
1/22/2023 10:00,,-6.022
1/22/2023 11:00,,-5.383
1/22/2023 12:00,,-4.045
1/22/2023 13:00,,-3.455
1/22/2023 14:00,,-3.924
1/22/2023 15:00,,-3.689
1/22/2023 16:00,,-4.151
1/22/2023 17:00,,-4.061
1/22/2023 18:00,,-4.863
1/22/2023 19:00,,-5.4
1/22/2023 20:00,,-4.602
1/22/2023 21:00,,-3.201
1/22/2023 22:00,,-1.708
1/22/2023 23:00,,-1.886
1/23/2023 0:00,,-1.796
1/23/2023 1:00,,-2.157
1/23/2023 2:00,,-3.091
1/23/2023 3:00,,-3.921
1/23/2023 4:00,,-4.783
1/23/2023 5:00,,-6.558
1/23/2023 6:00,,-7.635
1/23/2023 7:00,,-8.61
1/23/2023 8:00,,-8.7
1/23/2023 9:00,,-8.5
1/23/2023 10:00,,-6.067
1/23/2023 11:00,,-3.352
1/23/2023 12:00,,-3.576
1/23/2023 13:00,,-3.22
1/23/2023 14:00,,-3.108
1/23/2023 15:00,,-2.531
1/23/2023 16:00,,-3.181
1/23/2023 17:00,,-3.098
1/23/2023 18:00,,-3.475
1/23/2023 19:00,,-2.188
1/23/2023 20:00,,-2.223
1/23/2023 21:00,,-4.11
1/23/2023 22:00,,-4.763
1/23/2023 23:00,,-5.3
1/24/2023 0:00,,-5.362
1/24/2023 1:00,,-5.424
1/24/2023 2:00,,-5.381
1/24/2023 3:00,,-4.905
1/24/2023 4:00,,-5.177
1/24/2023 5:00,,-5.612
1/24/2023 6:00,,-5.624
1/24/2023 7:00,,-5.708
1/24/2023 8:00,,-6.036
1/24/2023 9:00,,-5.313
1/24/2023 10:00,,-4.184
1/24/2023 11:00,,-1.201
1/24/2023 12:00,,0.068
1/24/2023 13:00,,0.161
1/24/2023 14:00,,0.339
1/24/2023 15:00,,0.483
1/24/2023 16:00,,0.383
1/24/2023 17:00,,0.12
1/24/2023 18:00,,0.198
1/24/2023 19:00,,0.153
1/24/2023 20:00,,-0.653
1/24/2023 21:00,,-1.608
1/24/2023 22:00,,-1.563
1/24/2023 23:00,,-1.76
1/25/2023 0:00,,-2.315
1/25/2023 1:00,,-2.893
1/25/2023 2:00,,-2.19
1/25/2023 3:00,,-1.385
1/25/2023 4:00,,-2.012
1/25/2023 5:00,,-2.42
1/25/2023 6:00,,-1.604
1/25/2023 7:00,,-1.951
1/25/2023 8:00,,-1.345
1/25/2023 9:00,,-2.207
1/25/2023 10:00,,-0.628
1/25/2023 11:00,,0.05
1/25/2023 12:00,,0.267
1/25/2023 13:00,,0.826
1/25/2023 14:00,,1.73
1/25/2023 15:00,,2.212
1/25/2023 16:00,,2.568
1/25/2023 17:00,,2.534
1/25/2023 18:00,,2.373
1/25/2023 19:00,,1.668
1/25/2023 20:00,,2.73
1/25/2023 21:00,,1.617
1/25/2023 22:00,,1.45
1/25/2023 23:00,,1.708
1/26/2023 0:00,,0.149
1/26/2023 1:00,,-2.088
1/26/2023 2:00,,-1.862
1/26/2023 3:00,,-1.153
1/26/2023 4:00,,0.639
1/26/2023 5:00,,0.356
1/26/2023 6:00,,1.314
1/26/2023 7:00,,2.144
1/26/2023 8:00,,2.944
1/26/2023 9:00,,2.262
1/26/2023 10:00,,2.867
1/26/2023 11:00,,3.844
1/26/2023 12:00,,4.211
1/26/2023 13:00,,4.354
1/26/2023 14:00,,4.669
1/26/2023 15:00,,4.806
1/26/2023 16:00,,5.193
1/26/2023 17:00,,5.7
1/26/2023 18:00,,4.228
1/26/2023 19:00,,2.442
1/26/2023 20:00,,2.554
1/26/2023 21:00,,2.344
1/26/2023 22:00,,2.763
1/26/2023 23:00,,2.626
1/27/2023 0:00,,2.893
1/27/2023 1:00,,3.218
1/27/2023 2:00,,3.259
1/27/2023 3:00,,3.328
1/27/2023 4:00,,3.354
1/27/2023 5:00,,3.592
1/27/2023 6:00,,3.943
1/27/2023 7:00,,4.658
1/27/2023 8:00,,3.602
1/27/2023 9:00,,3.694
1/27/2023 10:00,,2.003
1/27/2023 11:00,,1.815
1/27/2023 12:00,,2.276
1/27/2023 13:00,,2.787
1/27/2023 14:00,,3.263
1/27/2023 15:00,,3.177
1/27/2023 16:00,,3.259
1/27/2023 17:00,,3.134
1/27/2023 18:00,,3.08
1/27/2023 19:00,,2.861
1/27/2023 20:00,,2.673
1/27/2023 21:00,,2.603
1/27/2023 22:00,,1.402
1/27/2023 23:00,,0.752
1/28/2023 0:00,,0.07
1/28/2023 1:00,,0.569
1/28/2023 2:00,,0.167
1/28/2023 3:00,,-0.005
1/28/2023 4:00,,0.126
1/28/2023 5:00,,0.526
1/28/2023 6:00,,0.355
1/28/2023 7:00,,-0.093
1/28/2023 8:00,,-0.118
1/28/2023 9:00,,0.56
1/28/2023 10:00,,0.292
1/28/2023 11:00,,0.368
1/28/2023 12:00,,0.625
1/28/2023 13:00,,0.609
1/28/2023 14:00,,0.6
1/28/2023 15:00,,0.476
1/28/2023 16:00,,-0.302
1/28/2023 17:00,,-0.541
1/28/2023 18:00,,-1.149
1/28/2023 19:00,,-1.987
1/28/2023 20:00,,-2.394
1/28/2023 21:00,,-2.751
1/28/2023 22:00,,-2.773
1/28/2023 23:00,,-3.313
1/29/2023 0:00,,-5.192
1/29/2023 1:00,,-5.819
1/29/2023 2:00,,-6.599
1/29/2023 3:00,,-6.903
1/29/2023 4:00,,-6.808
1/29/2023 5:00,,-7.792
1/29/2023 6:00,,-8.01
1/29/2023 7:00,,-7.839
1/29/2023 8:00,,-9.09
1/29/2023 9:00,,-9.77
1/29/2023 10:00,,-8.64
1/29/2023 11:00,,-7.406
1/29/2023 12:00,,-6.886
1/29/2023 13:00,,-6.19
1/29/2023 14:00,,-6.412
1/29/2023 15:00,,-6.52
1/29/2023 16:00,,-6.643
1/29/2023 17:00,,-5.81
1/29/2023 18:00,,-7.179
1/29/2023 19:00,,-8.6
1/29/2023 20:00,,-8.58
1/29/2023 21:00,,-8.85
1/29/2023 22:00,,-9.79
1/29/2023 23:00,,-10.1
1/30/2023 0:00,,-9.83
1/30/2023 1:00,,-10.5
1/30/2023 2:00,,-12.1
1/30/2023 3:00,,-13.52
1/30/2023 4:00,,-13.78
1/30/2023 5:00,,-14.3
1/30/2023 6:00,,-14.61
1/30/2023 7:00,,-15.07
1/30/2023 8:00,,-15.14
1/30/2023 9:00,,-15.2
1/30/2023 10:00,,-13.67
1/30/2023 11:00,,-10.25
1/30/2023 12:00,,-9.8
1/30/2023 13:00,,-8.99
1/30/2023 14:00,,-9.09
1/30/2023 15:00,,-7.673
1/30/2023 16:00,,-7.731
1/30/2023 17:00,,-7.698
1/30/2023 18:00,,-9.51
1/30/2023 19:00,,-10.89
1/30/2023 20:00,,-12.4
1/30/2023 21:00,,-12.83
1/30/2023 22:00,,-12.65
1/30/2023 23:00,,-12.87
1/31/2023 0:00,,-12.83
1/31/2023 1:00,,-12.73
1/31/2023 2:00,,-12.43
1/31/2023 3:00,,-12.23
1/31/2023 4:00,,-11.87
1/31/2023 5:00,,-11.75
1/31/2023 6:00,,-12.11
1/31/2023 7:00,,-12.31
1/31/2023 8:00,,-12.39
1/31/2023 9:00,,-11.29
1/31/2023 10:00,,-9.73
1/31/2023 11:00,,-9.13
1/31/2023 12:00,,-8.79
1/31/2023 13:00,,-7.931
1/31/2023 14:00,,-7.384
1/31/2023 15:00,,-7.084
1/31/2023 16:00,,-7.025
1/31/2023 17:00,,-6.928
1/31/2023 18:00,,-7.463
1/31/2023 19:00,,-7.717
1/31/2023 20:00,,-7.911
1/31/2023 21:00,,-8.02
1/31/2023 22:00,,-8.15
1/31/2023 23:00,,-8.98
2/1/2023 0:00,,-10.08
2/1/2023 1:00,,-10.58
2/1/2023 2:00,,-11.06
2/1/2023 3:00,,-9.82
2/1/2023 4:00,,-9.23
2/1/2023 5:00,,-10.58
2/1/2023 6:00,,-10.51
2/1/2023 7:00,,-11.08
2/1/2023 8:00,,-10.78
2/1/2023 9:00,,-11.34
2/1/2023 10:00,,-8.3
2/1/2023 11:00,,-6.929
2/1/2023 12:00,,-6.174
2/1/2023 13:00,,-4.804
2/1/2023 14:00,,-3.572
2/1/2023 15:00,,-2.652
2/1/2023 16:00,,-2.049
2/1/2023 17:00,,-1.79
2/1/2023 18:00,,-3.104
2/1/2023 19:00,,-3.827
2/1/2023 20:00,,-4.544
2/1/2023 21:00,,-5.263
2/1/2023 22:00,,-6.722
2/1/2023 23:00,,-7.386
2/2/2023 0:00,,-7.235
2/2/2023 1:00,,-6.824
2/2/2023 2:00,,-7.595
2/2/2023 3:00,,-8.49
2/2/2023 4:00,,-7.985
2/2/2023 5:00,,-7.708
2/2/2023 6:00,,-8.69
2/2/2023 7:00,,-8.85
2/2/2023 8:00,,-9.1
2/2/2023 9:00,,-8.65
2/2/2023 10:00,,-5.545
2/2/2023 11:00,,-5.08
2/2/2023 12:00,,-3.635
2/2/2023 13:00,,-2.455
2/2/2023 14:00,,-1.392
2/2/2023 15:00,,-0.474
2/2/2023 16:00,,0.654
2/2/2023 17:00,,1.716
2/2/2023 18:00,,1.221
2/2/2023 19:00,,-0.691
2/2/2023 20:00,,-1.644
2/2/2023 21:00,,-3.069
2/2/2023 22:00,,-3.463
2/2/2023 23:00,,-4.045
2/3/2023 0:00,,-4.552
2/3/2023 1:00,,-4.348
2/3/2023 2:00,,-5.33
2/3/2023 3:00,,-4.764
2/3/2023 4:00,,-4.58
2/3/2023 5:00,,-4.085
2/3/2023 6:00,,-4.39
2/3/2023 7:00,,-5.287
2/3/2023 8:00,,-5.259
2/3/2023 9:00,,-4.039
2/3/2023 10:00,,-2.697
2/3/2023 11:00,,-2.378
2/3/2023 12:00,,-1.587
2/3/2023 13:00,,-1.067
2/3/2023 14:00,,1.577
2/3/2023 15:00,,1.471
2/3/2023 16:00,,4.646
2/3/2023 17:00,,3.437
2/3/2023 18:00,,1.705
2/3/2023 19:00,,1.414
2/3/2023 20:00,,1.05
2/3/2023 21:00,,1.224
2/3/2023 22:00,,1.477
2/3/2023 23:00,,1.185
2/4/2023 0:00,,1.269
2/4/2023 1:00,,0.798
2/4/2023 2:00,,0.572
2/4/2023 3:00,,0.189
2/4/2023 4:00,,0.817
2/4/2023 5:00,,1.067
2/4/2023 6:00,,-0.021
2/4/2023 7:00,,0.861
2/4/2023 8:00,,0.299
2/4/2023 9:00,,0.401
2/4/2023 10:00,,2.16
2/4/2023 11:00,,3.308
2/4/2023 12:00,,4.312
2/4/2023 13:00,,5.135
2/4/2023 14:00,,6.255
2/4/2023 15:00,,6.792
2/4/2023 16:00,,6.929
2/4/2023 17:00,,6.729
2/4/2023 18:00,,6.186
2/4/2023 19:00,,5.865
2/4/2023 20:00,,6.098
2/4/2023 21:00,,6.341
2/4/2023 22:00,,6.187
2/4/2023 23:00,,6.684
2/5/2023 0:00,,3.669
2/5/2023 1:00,,4.72
2/5/2023 2:00,,2.576
2/5/2023 3:00,,2.431
2/5/2023 4:00,,3.851
2/5/2023 5:00,,1.43
2/5/2023 6:00,,2.899
2/5/2023 7:00,,3.101
2/5/2023 8:00,,2.12
2/5/2023 9:00,,3.141
2/5/2023 10:00,,3.977
2/5/2023 11:00,,3.997
2/5/2023 12:00,,4.925
2/5/2023 13:00,,6.269
2/5/2023 14:00,,5.982
2/5/2023 15:00,,5.622
2/5/2023 16:00,,5.912
2/5/2023 17:00,,4.144
2/5/2023 18:00,,3.601
2/5/2023 19:00,,4.357
2/5/2023 20:00,,4.173
2/5/2023 21:00,,3.029
2/5/2023 22:00,,0.891
2/5/2023 23:00,,0.518
2/6/2023 0:00,,0.742
2/6/2023 1:00,,1.038
2/6/2023 2:00,,1.141
2/6/2023 3:00,,1.423
2/6/2023 4:00,,1.389
2/6/2023 5:00,,1.28
2/6/2023 6:00,,1.042
2/6/2023 7:00,,1.067
2/6/2023 8:00,,0.763
2/6/2023 9:00,,0.477
2/6/2023 10:00,,0.5
2/6/2023 11:00,,0.926
2/6/2023 12:00,,1.231
2/6/2023 13:00,,2.115
2/6/2023 14:00,,2.717
2/6/2023 15:00,,3.224
2/6/2023 16:00,,3.619
2/6/2023 17:00,,3.378
2/6/2023 18:00,,3.165
2/6/2023 19:00,,2.79
2/6/2023 20:00,,1.419
2/6/2023 21:00,,1.263
2/6/2023 22:00,,0.549
2/6/2023 23:00,,-0.113
2/7/2023 0:00,,-0.343
2/7/2023 1:00,,-0.265
2/7/2023 2:00,,-0.215
2/7/2023 3:00,,0.075
2/7/2023 4:00,,0.094
2/7/2023 5:00,,-0.206
2/7/2023 6:00,,-0.343
2/7/2023 7:00,,-0.065
2/7/2023 8:00,,-0.095
2/7/2023 9:00,,-0.121
2/7/2023 10:00,,1.217
2/7/2023 11:00,,4.234
2/7/2023 12:00,,6.036
2/7/2023 13:00,,5.822
2/7/2023 14:00,,6.424
2/7/2023 15:00,,6.785
2/7/2023 16:00,,6.92
2/7/2023 17:00,,6.124
2/7/2023 18:00,,6.024
2/7/2023 19:00,,5.366
2/7/2023 20:00,,4.998
2/7/2023 21:00,,5.333
2/7/2023 22:00,,4.9
2/7/2023 23:00,,4.506
2/8/2023 0:00,,4.505
2/8/2023 1:00,,2.544
2/8/2023 2:00,,2.112
2/8/2023 3:00,,3.676
2/8/2023 4:00,,3.216
2/8/2023 5:00,,2.458
2/8/2023 6:00,,2.529
2/8/2023 7:00,,1.506
2/8/2023 8:00,,0.3
2/8/2023 9:00,,-0.595
2/8/2023 10:00,,0.011
2/8/2023 11:00,,0.869
2/8/2023 12:00,,1.169
2/8/2023 13:00,,1.577
2/8/2023 14:00,,1.739
2/8/2023 15:00,,1.749
2/8/2023 16:00,,1.85
2/8/2023 17:00,,2.103
2/8/2023 18:00,,1.66
2/8/2023 19:00,,0.688
2/8/2023 20:00,,-0.759
2/8/2023 21:00,,-1.262
2/8/2023 22:00,,-1.818
2/8/2023 23:00,,-1.043
2/9/2023 0:00,,-1.157
2/9/2023 1:00,,-2.813
2/9/2023 2:00,,-3.311
2/9/2023 3:00,,-3.55
2/9/2023 4:00,,-4.288
2/9/2023 5:00,,-4.042
2/9/2023 6:00,,-4.137
2/9/2023 7:00,,-3.975
2/9/2023 8:00,,-3.976
2/9/2023 9:00,,-3.175
2/9/2023 10:00,,-1.069
2/9/2023 11:00,,1.076
2/9/2023 12:00,,1.483
2/9/2023 13:00,,3.266
2/9/2023 14:00,,4.049
2/9/2023 15:00,,4.579
2/9/2023 16:00,,4.455
2/9/2023 17:00,,4.101
2/9/2023 18:00,,3.811
2/9/2023 19:00,,2.41
2/9/2023 20:00,,2.265
2/9/2023 21:00,,2.366
2/9/2023 22:00,,2.787
2/9/2023 23:00,,2.46
2/10/2023 0:00,,2.714
2/10/2023 1:00,,2.969
2/10/2023 2:00,,1.311
2/10/2023 3:00,,-1.019
2/10/2023 4:00,,-2.052
2/10/2023 5:00,,-4.177
2/10/2023 6:00,,-4.095
2/10/2023 7:00,,-4.926
2/10/2023 8:00,,-4.847
2/10/2023 9:00,,-4.418
2/10/2023 10:00,,-2.762
2/10/2023 11:00,,-1.46
2/10/2023 12:00,,0.436
2/10/2023 13:00,,3.431
2/10/2023 14:00,,5.552
2/10/2023 15:00,,7.441
2/10/2023 16:00,,7.769
2/10/2023 17:00,,6.17
2/10/2023 18:00,,4.795
2/10/2023 19:00,,1.87
2/10/2023 20:00,,0.304
2/10/2023 21:00,,-1.005
2/10/2023 22:00,,-1.913
2/10/2023 23:00,,-2.441
2/11/2023 0:00,,-3.014
2/11/2023 1:00,,-2.981
2/11/2023 2:00,,-3.406
2/11/2023 3:00,,-3.969
2/11/2023 4:00,,-4.797
2/11/2023 5:00,,-4.615
2/11/2023 6:00,,-4.389
2/11/2023 7:00,,-4.401
2/11/2023 8:00,,-4.719
2/11/2023 9:00,,-3.75
2/11/2023 10:00,,-1.345
2/11/2023 11:00,,0.864
2/11/2023 12:00,,2.108
2/11/2023 13:00,,3.841
2/11/2023 14:00,,4.026
2/11/2023 15:00,,4.933
2/11/2023 16:00,,4.899
2/11/2023 17:00,,5.314
2/11/2023 18:00,,3.694
2/11/2023 19:00,,0.5
2/11/2023 20:00,,-0.619
2/11/2023 21:00,,-0.261
2/11/2023 22:00,,-0.67
2/11/2023 23:00,,-1.132
2/12/2023 0:00,,-1.68
2/12/2023 1:00,,-2.419
2/12/2023 2:00,,-2.147
2/12/2023 3:00,,-2.585
2/12/2023 4:00,,-2.479
2/12/2023 5:00,,-1.994
2/12/2023 6:00,,-2.964
2/12/2023 7:00,,-3.014
2/12/2023 8:00,,-3.379
2/12/2023 9:00,,-2.784
2/12/2023 10:00,,0.382
2/12/2023 11:00,,2.779
2/12/2023 12:00,,2.977
2/12/2023 13:00,,3.626
2/12/2023 14:00,,4.667
2/12/2023 15:00,,5.586
2/12/2023 16:00,,5.963
2/12/2023 17:00,,5.838
2/12/2023 18:00,,4.638
2/12/2023 19:00,,1.209
2/12/2023 20:00,,-0.265
2/12/2023 21:00,,-0.52
2/12/2023 22:00,,-0.434
2/12/2023 23:00,,-0.508
2/13/2023 0:00,,-0.699
2/13/2023 1:00,,-0.539
2/13/2023 2:00,,-0.308
2/13/2023 3:00,,-0.765
2/13/2023 4:00,,-0.688
2/13/2023 5:00,,-0.816
2/13/2023 6:00,,-1.072
2/13/2023 7:00,,-1.047
2/13/2023 8:00,,-0.002
2/13/2023 9:00,,0.939
2/13/2023 10:00,,1.48
2/13/2023 11:00,,2.665
2/13/2023 12:00,,3.135
2/13/2023 13:00,,5.054
2/13/2023 14:00,,6.538
2/13/2023 15:00,,5.632
2/13/2023 16:00,,4.036
2/13/2023 17:00,,0.165
2/13/2023 18:00,,-1.641
2/13/2023 19:00,,-2.435
2/13/2023 20:00,,-2.366
2/13/2023 21:00,,-2.136
2/13/2023 22:00,,-2.037
2/13/2023 23:00,,-2.173
2/14/2023 0:00,,-2.587
2/14/2023 1:00,,-2.569
2/14/2023 2:00,,-2.777
2/14/2023 3:00,,-3.074
2/14/2023 4:00,,-3.645
2/14/2023 5:00,,-4.55
2/14/2023 6:00,,-4.791
2/14/2023 7:00,,-5.245
2/14/2023 8:00,,-5.259
2/14/2023 9:00,,-5.822
2/14/2023 10:00,,-5.184
2/14/2023 11:00,,-4.511
2/14/2023 12:00,,-3.924
2/14/2023 13:00,,-3.393
2/14/2023 14:00,,-2.759
2/14/2023 15:00,,-2.113
2/14/2023 16:00,,-1.645
2/14/2023 17:00,,-1.489
2/14/2023 18:00,,-1.421
2/14/2023 19:00,,-1.79
2/14/2023 20:00,,-1.672
2/14/2023 21:00,,-2.336
2/14/2023 22:00,,-2.745
2/14/2023 23:00,,-2.944
2/15/2023 0:00,,-3.315
2/15/2023 1:00,,-3.817
2/15/2023 2:00,,-3.43
2/15/2023 3:00,,-3.832
2/15/2023 4:00,,-4.103
2/15/2023 5:00,,-4.674
2/15/2023 6:00,,-6.459
2/15/2023 7:00,,-6.18
2/15/2023 8:00,,-5.66
2/15/2023 9:00,,-4.637
2/15/2023 10:00,,-3.368
2/15/2023 11:00,,-2.238
2/15/2023 12:00,,-0.77
2/15/2023 13:00,,-0.295
2/15/2023 14:00,,0.596
2/15/2023 15:00,,1.306
2/15/2023 16:00,,1.783
2/15/2023 17:00,,1.95
2/15/2023 18:00,,1.305
2/15/2023 19:00,,-0.246
2/15/2023 20:00,,-2.365
2/15/2023 21:00,,-3.144
2/15/2023 22:00,,-3.069
2/15/2023 23:00,,-3.713
2/16/2023 0:00,,-3.537
2/16/2023 1:00,,-4.463
2/16/2023 2:00,,-4.896
2/16/2023 3:00,,-5.697
2/16/2023 4:00,,-4.948
2/16/2023 5:00,,-4.906
2/16/2023 6:00,,-4.412
2/16/2023 7:00,,-4.436
2/16/2023 8:00,,-4.875
2/16/2023 9:00,,-4.468
2/16/2023 10:00,,-2.944
2/16/2023 11:00,,-0.81
2/16/2023 12:00,,0.683
2/16/2023 13:00,,1.974
2/16/2023 14:00,,2.509
2/16/2023 15:00,,2.669
2/16/2023 16:00,,3.258
2/16/2023 17:00,,3.004
2/16/2023 18:00,,2.185
2/16/2023 19:00,,0.701
2/16/2023 20:00,,0.497
2/16/2023 21:00,,0.973
2/16/2023 22:00,,0.543
2/16/2023 23:00,,-0.67
2/17/2023 0:00,,-2.86
2/17/2023 1:00,,-4.064
2/17/2023 2:00,,-4.126
2/17/2023 3:00,,-5.433
2/17/2023 4:00,,-5.729
2/17/2023 5:00,,-6.13
2/17/2023 6:00,,-6.331
2/17/2023 7:00,,-7.266
2/17/2023 8:00,,-7.021
2/17/2023 9:00,,-6.616
2/17/2023 10:00,,-3.364
2/17/2023 11:00,,-2.629
2/17/2023 12:00,,-1.052
2/17/2023 13:00,,0.093
2/17/2023 14:00,,1.44
2/17/2023 15:00,,2.378
2/17/2023 16:00,,3.174
2/17/2023 17:00,,3.37
2/17/2023 18:00,,2.426
2/17/2023 19:00,,-1.152
2/17/2023 20:00,,-2.367
2/17/2023 21:00,,-2.472
2/17/2023 22:00,,-2.72
2/17/2023 23:00,,-3.094
2/18/2023 0:00,,-3.785
2/18/2023 1:00,,-3.897
2/18/2023 2:00,,-4.028
2/18/2023 3:00,,-4.441
2/18/2023 4:00,,-4.548
2/18/2023 5:00,,-4.11
2/18/2023 6:00,,-4.158
2/18/2023 7:00,,-4.457
2/18/2023 8:00,,-5.063
2/18/2023 9:00,,-3.882
2/18/2023 10:00,,-2.363
2/18/2023 11:00,,-2.015
2/18/2023 12:00,,-2.282
2/18/2023 13:00,,-2.114
2/18/2023 14:00,,-0.075
2/18/2023 15:00,,1.058
2/18/2023 16:00,,0.733
2/18/2023 17:00,,0.123
2/18/2023 18:00,,-0.335
2/18/2023 19:00,,-1.026
2/18/2023 20:00,,-1.389
2/18/2023 21:00,,-1.337
2/18/2023 22:00,,-1.397
2/18/2023 23:00,,-2.817
2/19/2023 0:00,,-3.909
2/19/2023 1:00,,-4.644
2/19/2023 2:00,,-4.65
2/19/2023 3:00,,-4.228
2/19/2023 4:00,,-3.009
2/19/2023 5:00,,-2.329
2/19/2023 6:00,,-2.27
2/19/2023 7:00,,-2.828
2/19/2023 8:00,,-3.59
2/19/2023 9:00,,-2.683
2/19/2023 10:00,,-0.1
2/19/2023 11:00,,2.565
2/19/2023 12:00,,2.153
2/19/2023 13:00,,2.04
2/19/2023 14:00,,2.794
2/19/2023 15:00,,3.261
2/19/2023 16:00,,3.646
2/19/2023 17:00,,3.573
2/19/2023 18:00,,3.93
2/19/2023 19:00,,3.097
2/19/2023 20:00,,3.227
2/19/2023 21:00,,3.848
2/19/2023 22:00,,4.562
2/19/2023 23:00,,4.065
2/20/2023 0:00,,4.678
2/20/2023 1:00,,4.824
2/20/2023 2:00,,4.332
2/20/2023 3:00,,4.275
2/20/2023 4:00,,4.693
2/20/2023 5:00,,4.816
2/20/2023 6:00,,4.259
2/20/2023 7:00,,4.064
2/20/2023 8:00,,4.166
2/20/2023 9:00,,4.492
2/20/2023 10:00,,4.81
2/20/2023 11:00,,4.914
2/20/2023 12:00,,6.336
2/20/2023 13:00,,7.136
2/20/2023 14:00,,7.827
2/20/2023 15:00,,7.64
2/20/2023 16:00,,7.716
2/20/2023 17:00,,7.742
2/20/2023 18:00,,7.531
2/20/2023 19:00,,6.355
2/20/2023 20:00,,5.865
2/20/2023 21:00,,5.543
2/20/2023 22:00,,5.172
2/20/2023 23:00,,5.147
2/21/2023 0:00,,5.253
2/21/2023 1:00,,4.996
2/21/2023 2:00,,5.315
2/21/2023 3:00,,5.997
2/21/2023 4:00,,7.81
2/21/2023 5:00,,7.247
2/21/2023 6:00,,7.116
2/21/2023 7:00,,6.973
2/21/2023 8:00,,6.35
2/21/2023 9:00,,4.727
2/21/2023 10:00,,4.077
2/21/2023 11:00,,1.709
2/21/2023 12:00,,1.624
2/21/2023 13:00,,2.722
2/21/2023 14:00,,2.445
2/21/2023 15:00,,2.748
2/21/2023 16:00,,1.933
2/21/2023 17:00,,0.94
2/21/2023 18:00,,-0.546
2/21/2023 19:00,,-0.783
2/21/2023 20:00,,-1.615
2/21/2023 21:00,,-2.252
2/21/2023 22:00,,-3.048
2/21/2023 23:00,,-3.709
2/22/2023 0:00,,-3.608
2/22/2023 1:00,,-3.451
2/22/2023 2:00,,-4.699
2/22/2023 3:00,,-5.711
2/22/2023 4:00,,-6.066
2/22/2023 5:00,,-5.185
2/22/2023 6:00,,-5.067
2/22/2023 7:00,,-5.332
2/22/2023 8:00,,-5.261
2/22/2023 9:00,,-4.653
2/22/2023 10:00,,-4.129
2/22/2023 11:00,,-3.439
2/22/2023 12:00,,-2.317
2/22/2023 13:00,,-1.662
2/22/2023 14:00,,-1.228
2/22/2023 15:00,,-0.778
2/22/2023 16:00,,-1.053
2/22/2023 17:00,,-0.895
2/22/2023 18:00,,-1.506
2/22/2023 19:00,,-2.922
2/22/2023 20:00,,-3.186
2/22/2023 21:00,,-4.142
2/22/2023 22:00,,-5.245
2/22/2023 23:00,,-5.502
2/23/2023 0:00,,-5.19
2/23/2023 1:00,,-5.302
2/23/2023 2:00,,-4.709
2/23/2023 3:00,,-5.918
2/23/2023 4:00,,-5.682
2/23/2023 5:00,,-5.323
2/23/2023 6:00,,-5.401
2/23/2023 7:00,,-5.216
2/23/2023 8:00,,-5.002
2/23/2023 9:00,,-5.036
2/23/2023 10:00,,-4.591
2/23/2023 11:00,,-4.194
2/23/2023 12:00,,-3.845
2/23/2023 13:00,,-3.952
2/23/2023 14:00,,-2.338
2/23/2023 15:00,,-2.399
2/23/2023 16:00,,-2.301
2/23/2023 17:00,,-2.319
2/23/2023 18:00,,-3.892
2/23/2023 19:00,,-3.586
2/23/2023 20:00,,-3.083
2/23/2023 21:00,,-3.487
2/23/2023 22:00,,-3.804
2/23/2023 23:00,,-4.095
2/24/2023 0:00,,-4.165
2/24/2023 1:00,,-4.408
2/24/2023 2:00,,-4.324
2/24/2023 3:00,,-4.202
2/24/2023 4:00,,-4.353
2/24/2023 5:00,,-4.492
2/24/2023 6:00,,-4.607
2/24/2023 7:00,,-4.456
2/24/2023 8:00,,-3.949
2/24/2023 9:00,,-3.081
2/24/2023 10:00,,-1.941
2/24/2023 11:00,,-0.468
2/24/2023 12:00,,0.275
2/24/2023 13:00,,1.575
2/24/2023 14:00,,2.531
2/24/2023 15:00,,3.236
2/24/2023 16:00,,3.188
2/24/2023 17:00,,2.994
2/24/2023 18:00,,2.357
2/24/2023 19:00,,1.164
2/24/2023 20:00,,0.427
2/24/2023 21:00,,0.287
2/24/2023 22:00,,0.389
2/24/2023 23:00,,0.124
2/25/2023 0:00,,0.39
2/25/2023 1:00,,-1.105
2/25/2023 2:00,,-2.943
2/25/2023 3:00,,-4.171
2/25/2023 4:00,,-4.043
2/25/2023 5:00,,-3.928
2/25/2023 6:00,,-3.306
2/25/2023 7:00,,-4.282
2/25/2023 8:00,,-3.926
2/25/2023 9:00,,-2.137
2/25/2023 10:00,,0.272
2/25/2023 11:00,,0.676
2/25/2023 12:00,,2.158
2/25/2023 13:00,,3.275
2/25/2023 14:00,,4.857
2/25/2023 15:00,,6.164
2/25/2023 16:00,,6.781
2/25/2023 17:00,,8.18
2/25/2023 18:00,,7.867
2/25/2023 19:00,,6.103
2/25/2023 20:00,,4.742
2/25/2023 21:00,,5.295
2/25/2023 22:00,,3.052
2/25/2023 23:00,,0.452
2/26/2023 0:00,,-0.502
2/26/2023 1:00,,-0.555
2/26/2023 2:00,,-0.976
2/26/2023 3:00,,-1.57
2/26/2023 4:00,,-1.219
2/26/2023 5:00,,-0.86
2/26/2023 6:00,,-1.031
2/26/2023 7:00,,-0.299
2/26/2023 8:00,,-0.446
2/26/2023 9:00,,0.375
2/26/2023 10:00,,1.28
2/26/2023 11:00,,1.994
2/26/2023 12:00,,1.333
2/26/2023 13:00,,0.814
2/26/2023 14:00,,0.259
2/26/2023 15:00,,0.397
2/26/2023 16:00,,1.015
2/26/2023 17:00,,0.767
2/26/2023 18:00,,0.951
2/26/2023 19:00,,-0.998
2/26/2023 20:00,,-0.993
2/26/2023 21:00,,-1.164
2/26/2023 22:00,,-1.867
2/26/2023 23:00,,-3.487
2/27/2023 0:00,,-4.32
2/27/2023 1:00,,-4.99
2/27/2023 2:00,,-4.887
2/27/2023 3:00,,-4.942
2/27/2023 4:00,,-4.314
2/27/2023 5:00,,-3.967
2/27/2023 6:00,,-3.761
2/27/2023 7:00,,-3.591
2/27/2023 8:00,,-3.742
2/27/2023 9:00,,-2.412
2/27/2023 10:00,,-1.261
2/27/2023 11:00,,-0.302
2/27/2023 12:00,,0.467
2/27/2023 13:00,,1.437
2/27/2023 14:00,,1.412
2/27/2023 15:00,,1.703
2/27/2023 16:00,,1.656
2/27/2023 17:00,,1.803
2/27/2023 18:00,,2.06
2/27/2023 19:00,,1.63
2/27/2023 20:00,,-1.123
2/27/2023 21:00,,-0.717
2/27/2023 22:00,,0.438
2/27/2023 23:00,,0.29
2/28/2023 0:00,,-0.032
2/28/2023 1:00,,-0.572
2/28/2023 2:00,,-0.839
2/28/2023 3:00,,-0.89
2/28/2023 4:00,,-1.299
2/28/2023 5:00,,-1.565
2/28/2023 6:00,,-1.459
2/28/2023 7:00,,-1.609
2/28/2023 8:00,,-2.042
2/28/2023 9:00,,-2.211
2/28/2023 10:00,,-1.742
2/28/2023 11:00,,-1.819
2/28/2023 12:00,,-0.468
2/28/2023 13:00,,0.259
2/28/2023 14:00,,-0.014
2/28/2023 15:00,,-0.032
2/28/2023 16:00,,0.234
2/28/2023 17:00,,-0.146
2/28/2023 18:00,,-0.272
2/28/2023 19:00,,-1.103
2/28/2023 20:00,,-1.061
2/28/2023 21:00,,-1.595
2/28/2023 22:00,,-1.609
2/28/2023 23:00,,-1.318
3/1/2023 0:00,,-2.529
3/1/2023 1:00,,-2.954
3/1/2023 2:00,,-2.766
3/1/2023 3:00,,-2.861
3/1/2023 4:00,,-2.985
3/1/2023 5:00,,-3.417
3/1/2023 6:00,,-3.693
3/1/2023 7:00,,-4.026
3/1/2023 8:00,,-4.117
3/1/2023 9:00,,-4.313
3/1/2023 10:00,,-3.426
3/1/2023 11:00,,-2.454
3/1/2023 12:00,,-1.912
3/1/2023 13:00,,-0.851
3/1/2023 14:00,,0.743
3/1/2023 15:00,,1.33
3/1/2023 16:00,,1.378
3/1/2023 17:00,,1.543
3/1/2023 18:00,,1.402
3/1/2023 19:00,,0.066
3/1/2023 20:00,,-0.893
3/1/2023 21:00,,-1.287
3/1/2023 22:00,,-1.49
3/1/2023 23:00,,-2.927
3/2/2023 0:00,,-4.941
3/2/2023 1:00,,-5.282
3/2/2023 2:00,,-5.228
3/2/2023 3:00,,-4.977
3/2/2023 4:00,,-5.067
3/2/2023 5:00,,-5.49
3/2/2023 6:00,,-5.941
3/2/2023 7:00,,-6.099
3/2/2023 8:00,,-5.532
3/2/2023 9:00,,-3.698
3/2/2023 10:00,,-1.733
3/2/2023 11:00,,-0.075
3/2/2023 12:00,,-0.276
3/2/2023 13:00,,-0.697
3/2/2023 14:00,,-1.016
3/2/2023 15:00,,-0.282
3/2/2023 16:00,,0.865
3/2/2023 17:00,,1.935
3/2/2023 18:00,,1.947
3/2/2023 19:00,,0.769
3/2/2023 20:00,,0.936
3/2/2023 21:00,,1.181
3/2/2023 22:00,,1.429
3/2/2023 23:00,,1.246
3/3/2023 0:00,,0.297
3/3/2023 1:00,,-1.027
3/3/2023 2:00,,-1.471
3/3/2023 3:00,,-1.801
3/3/2023 4:00,,-2.277
3/3/2023 5:00,,-2.664
3/3/2023 6:00,,-2.246
3/3/2023 7:00,,-3.817
3/3/2023 8:00,,-4.005
3/3/2023 9:00,,-3.284
3/3/2023 10:00,,-2.038
3/3/2023 11:00,,-1.434
3/3/2023 12:00,,-0.869
3/3/2023 13:00,,-0.015
3/3/2023 14:00,,0.155
3/3/2023 15:00,,0.41
3/3/2023 16:00,,0.525
3/3/2023 17:00,,1.603
3/3/2023 18:00,,1.132
3/3/2023 19:00,,-0.317
3/3/2023 20:00,,-2.631
3/3/2023 21:00,,-2.454
3/3/2023 22:00,,-2.49
3/3/2023 23:00,,-2.237
3/4/2023 0:00,,-2.129
3/4/2023 1:00,,-1.703
3/4/2023 2:00,,-1.681
3/4/2023 3:00,,-1.762
3/4/2023 4:00,,-1.79
3/4/2023 5:00,,-1.624
3/4/2023 6:00,,-1.535
3/4/2023 7:00,,-1.024
3/4/2023 8:00,,-1.118
3/4/2023 9:00,,-0.58
3/4/2023 10:00,,-0.565
3/4/2023 11:00,,1.296
3/4/2023 12:00,,2.173
3/4/2023 13:00,,2.085
3/4/2023 14:00,,2.514
3/4/2023 15:00,,2.869
3/4/2023 16:00,,2.205
3/4/2023 17:00,,2.622
3/4/2023 18:00,,2.341
3/4/2023 19:00,,0.37
3/4/2023 20:00,,-0.908
3/4/2023 21:00,,0.155
3/4/2023 22:00,,1.039
3/4/2023 23:00,,0.193
3/5/2023 0:00,,-0.831
3/5/2023 1:00,,-2.07
3/5/2023 2:00,,-2.966
3/5/2023 3:00,,-2.958
3/5/2023 4:00,,-2.874
3/5/2023 5:00,,-2.939
3/5/2023 6:00,,-3.63
3/5/2023 7:00,,-5.271
3/5/2023 8:00,,-5.443
3/5/2023 9:00,,-4.455
3/5/2023 10:00,,-1.592
3/5/2023 11:00,,-0.296
3/5/2023 12:00,,0.308
3/5/2023 13:00,,0.199
3/5/2023 14:00,,0.79
3/5/2023 15:00,,0.45
3/5/2023 16:00,,0.845
3/5/2023 17:00,,0.28
3/5/2023 18:00,,-0.739
3/5/2023 19:00,,-2.637
3/5/2023 20:00,,-2.17
3/5/2023 21:00,,-1.268
3/5/2023 22:00,,-1.306
3/5/2023 23:00,,-0.786
3/6/2023 0:00,,-0.943
3/6/2023 1:00,,-1.727
3/6/2023 2:00,,-4.095
3/6/2023 3:00,,-5.386
3/6/2023 4:00,,-4.809
3/6/2023 5:00,,-4.197
3/6/2023 6:00,,-3.465
3/6/2023 7:00,,-2.899
3/6/2023 8:00,,-3.758
3/6/2023 9:00,,-3.487
3/6/2023 10:00,,-2.937
3/6/2023 11:00,,-1.425
3/6/2023 12:00,,1.427
3/6/2023 13:00,,0.836
3/6/2023 14:00,,0.838
3/6/2023 15:00,,-1.29
3/6/2023 16:00,,-1.658
3/6/2023 17:00,,-1.058
3/6/2023 18:00,,-0.134
3/6/2023 19:00,,-1.647
3/6/2023 20:00,,-3.059
3/6/2023 21:00,,-3.369
3/6/2023 22:00,,-3.033
3/6/2023 23:00,,-3.546
3/7/2023 0:00,,-3.463
3/7/2023 1:00,,-3.397
3/7/2023 2:00,,-2.702
3/7/2023 3:00,,-2.369
3/7/2023 4:00,,-2.128
3/7/2023 5:00,,-2.34
3/7/2023 6:00,,-2.27
3/7/2023 7:00,,-2.337
3/7/2023 8:00,,-5.173
3/7/2023 9:00,,-3.898
3/7/2023 10:00,,-1.762
3/7/2023 11:00,,-0.972
3/7/2023 12:00,,0.617
3/7/2023 13:00,,0.57
3/7/2023 14:00,,0.978
3/7/2023 15:00,,1.275
3/7/2023 16:00,,1.381
3/7/2023 17:00,,0.867
3/7/2023 18:00,,0.497
3/7/2023 19:00,,-0.079
3/7/2023 20:00,,-2.414
3/7/2023 21:00,,-1.632
3/7/2023 22:00,,-1.223
3/7/2023 23:00,,-0.953
3/8/2023 0:00,,-1.29
3/8/2023 1:00,,-1.607
3/8/2023 2:00,,-1.748
3/8/2023 3:00,,-1.63
3/8/2023 4:00,,-1.737
3/8/2023 5:00,,-1.65
3/8/2023 6:00,,-1.473
3/8/2023 7:00,,-1.07
3/8/2023 8:00,,-1.192
3/8/2023 9:00,,-1.462
3/8/2023 10:00,,-0.194
3/8/2023 11:00,,1.299
3/8/2023 12:00,,1.348
3/8/2023 13:00,,0.942
3/8/2023 14:00,,-0.118
3/8/2023 15:00,,1.102
3/8/2023 16:00,,0.498
3/8/2023 17:00,,-0.52
3/8/2023 18:00,,-0.27
3/8/2023 19:00,,-0.532
3/8/2023 20:00,,-1.614
3/8/2023 21:00,,-2.543
3/8/2023 22:00,,-3.817
3/8/2023 23:00,,-2.768
3/9/2023 0:00,,-3.26
3/9/2023 1:00,,-4.109
3/9/2023 2:00,,-5.124
3/9/2023 3:00,,-4.915
3/9/2023 4:00,,-4.09
3/9/2023 5:00,,-3.883
3/9/2023 6:00,,-3.578
3/9/2023 7:00,,-3.633
3/9/2023 8:00,,-2.186
3/9/2023 9:00,,-1.144
3/9/2023 10:00,,-0.5
3/9/2023 11:00,,0.648
3/9/2023 12:00,,0.958
3/9/2023 13:00,,1.313
3/9/2023 14:00,,1.577
3/9/2023 15:00,,3.214
3/9/2023 16:00,,3.426
3/9/2023 17:00,,3.143
3/9/2023 18:00,,2.601
3/9/2023 19:00,,2.337
3/9/2023 20:00,,2.215
3/9/2023 21:00,,0.806
3/9/2023 22:00,,-0.027
3/9/2023 23:00,,0.488
3/10/2023 0:00,,1.308
3/10/2023 1:00,,1.809
3/10/2023 2:00,,2.797
3/10/2023 3:00,,3.609
3/10/2023 4:00,,4.47
3/10/2023 5:00,,5.196
3/10/2023 6:00,,6.069
3/10/2023 7:00,,6.863
3/10/2023 8:00,,6.812
3/10/2023 9:00,,7.074
3/10/2023 10:00,,3.32
3/10/2023 11:00,,2.072
3/10/2023 12:00,,2.319
3/10/2023 13:00,,3.596
3/10/2023 14:00,,3.915
3/10/2023 15:00,,4.327
3/10/2023 16:00,,4.801
3/10/2023 17:00,,4.681
3/10/2023 18:00,,4.4
3/10/2023 19:00,,3.477
3/10/2023 20:00,,2.279
3/10/2023 21:00,,2.065
3/10/2023 22:00,,0.942
3/10/2023 23:00,,0.439
3/11/2023 0:00,,-0.114
3/11/2023 1:00,,-0.071
3/11/2023 2:00,,0.182
3/11/2023 3:00,,0.255
3/11/2023 4:00,,-0.171
3/11/2023 5:00,,-0.444
3/11/2023 6:00,,-0.645
3/11/2023 7:00,,-0.835
3/11/2023 8:00,,-0.636
3/11/2023 9:00,,0.457
3/11/2023 10:00,,1.678
3/11/2023 11:00,,3.744
3/11/2023 12:00,,4.596
3/11/2023 13:00,,5.118
3/11/2023 14:00,,4.538
3/11/2023 15:00,,4.831
3/11/2023 16:00,,4.976
3/11/2023 17:00,,5.514
3/11/2023 18:00,,5.725
3/11/2023 19:00,,4.502
3/11/2023 20:00,,2.908
3/11/2023 21:00,,2.304
3/11/2023 22:00,,2.91
3/11/2023 23:00,,2.68
3/12/2023 0:00,,2.785
3/12/2023 1:00,,2.741
3/12/2023 2:00,,2.509
3/12/2023 3:00,,1.914
3/12/2023 4:00,,1.343
3/12/2023 5:00,,1.797
3/12/2023 6:00,,2.201
3/12/2023 7:00,,2.113
3/12/2023 8:00,,2.375
3/12/2023 9:00,,2.788
3/12/2023 10:00,,2.974
3/12/2023 11:00,,5.089
3/12/2023 12:00,,5.438
3/12/2023 13:00,,5.543
3/12/2023 14:00,,6.435
3/12/2023 15:00,,6.837
3/12/2023 16:00,,7.357
3/12/2023 17:00,,7.478
3/12/2023 18:00,,6.61
3/12/2023 19:00,,4.133
3/12/2023 20:00,,3.023
3/12/2023 21:00,,2.964
3/12/2023 22:00,,5.06
3/12/2023 23:00,,5.127
3/13/2023 0:00,,4.907
3/13/2023 1:00,,5.102
3/13/2023 2:00,,6.007
3/13/2023 3:00,,6.243
3/13/2023 4:00,,5.954
3/13/2023 5:00,,5.314
3/13/2023 6:00,,4.931
3/13/2023 7:00,,4.375
3/13/2023 8:00,,4.8
3/13/2023 9:00,,5.904
3/13/2023 10:00,,5.578
3/13/2023 11:00,,5.19
3/13/2023 12:00,,5.533
3/13/2023 13:00,,6.831
3/13/2023 14:00,,8.09
3/13/2023 15:00,,9.69
3/13/2023 16:00,,9.99
3/13/2023 17:00,,9.97
3/13/2023 18:00,,10.14
3/13/2023 19:00,,9.61
3/13/2023 20:00,,9.43
3/13/2023 21:00,,9.02
3/13/2023 22:00,,9.07
3/13/2023 23:00,,9.02
3/14/2023 0:00,,8.27
3/14/2023 1:00,,8.56
3/14/2023 2:00,,7.951
3/14/2023 3:00,,6.731
3/14/2023 4:00,,5.848
3/14/2023 5:00,,5.233
3/14/2023 6:00,,4.18
3/14/2023 7:00,,3.861
3/14/2023 8:00,,3.386
3/14/2023 9:00,,3.794
3/14/2023 10:00,,3.521
3/14/2023 11:00,,3.869
3/14/2023 12:00,,4.684
3/14/2023 13:00,,5.168
3/14/2023 14:00,,5.608
3/14/2023 15:00,,5.702
3/14/2023 16:00,,5.658
3/14/2023 17:00,,6.055
3/14/2023 18:00,,5.93
3/14/2023 19:00,,6.157
3/14/2023 20:00,,6.988
3/14/2023 21:00,,8.27
3/14/2023 22:00,,9.41
3/14/2023 23:00,,9.99
3/15/2023 0:00,,8.29
3/15/2023 1:00,,4.132
3/15/2023 2:00,,0.983
3/15/2023 3:00,,-0.312
3/15/2023 4:00,,-0.858
3/15/2023 5:00,,-1.09
3/15/2023 6:00,,-1.427
3/15/2023 7:00,,-1.985
3/15/2023 8:00,,-2.166
3/15/2023 9:00,,-2.087
3/15/2023 10:00,,-1.462
3/15/2023 11:00,,-0.671
3/15/2023 12:00,,0.343
3/15/2023 13:00,,0.894
3/15/2023 14:00,,1.224
3/15/2023 15:00,,1.984
3/15/2023 16:00,,2.618
3/15/2023 17:00,,3.436
3/15/2023 18:00,,3.132
3/15/2023 19:00,,2.431
3/15/2023 20:00,,1.353
3/15/2023 21:00,,0.47
3/15/2023 22:00,,-0.563
3/15/2023 23:00,,-1.28
3/16/2023 0:00,,-1.379
3/16/2023 1:00,,-2.003
3/16/2023 2:00,,-1.455
3/16/2023 3:00,,-0.77
3/16/2023 4:00,,-0.72
3/16/2023 5:00,,-2.451
3/16/2023 6:00,,-2.902
3/16/2023 7:00,,-4.242
3/16/2023 8:00,,-4.077
3/16/2023 9:00,,-1.378
3/16/2023 10:00,,-0.006
3/16/2023 11:00,,1.461
3/16/2023 12:00,,2.956
3/16/2023 13:00,,4.257
3/16/2023 14:00,,5.402
3/16/2023 15:00,,5.801
3/16/2023 16:00,,6.521
3/16/2023 17:00,,6.658
3/16/2023 18:00,,5.863
3/16/2023 19:00,,4.655
3/16/2023 20:00,,1.939
3/16/2023 21:00,,0.149
3/16/2023 22:00,,-0.425
3/16/2023 23:00,,-0.501
3/17/2023 0:00,,-0.703
3/17/2023 1:00,,-1.022
3/17/2023 2:00,,-0.951
3/17/2023 3:00,,-1.517
3/17/2023 4:00,,-1.884
3/17/2023 5:00,,-2.229
3/17/2023 6:00,,-2.833
3/17/2023 7:00,,-2.479
3/17/2023 8:00,,-2.285
3/17/2023 9:00,,-0.307
3/17/2023 10:00,,2.204
3/17/2023 11:00,,2.677
3/17/2023 12:00,,3.702
3/17/2023 13:00,,4.989
3/17/2023 14:00,,5.75
3/17/2023 15:00,,6.819
3/17/2023 16:00,,7.184
3/17/2023 17:00,,7.283
3/17/2023 18:00,,6.52
3/17/2023 19:00,,4.711
3/17/2023 20:00,,1.097
3/17/2023 21:00,,0.161
3/17/2023 22:00,,1.167
3/17/2023 23:00,,2.107
3/18/2023 0:00,,1.747
3/18/2023 1:00,,1.857
3/18/2023 2:00,,0.264
3/18/2023 3:00,,1.003
3/18/2023 4:00,,-1.611
3/18/2023 5:00,,-1.377
3/18/2023 6:00,,-0.764
3/18/2023 7:00,,1.057
3/18/2023 8:00,,-1.139
3/18/2023 9:00,,-0.467
3/18/2023 10:00,,1.061
3/18/2023 11:00,,1.89
3/18/2023 12:00,,4.349
3/18/2023 13:00,,7.176
3/18/2023 14:00,,8.34
3/18/2023 15:00,,8.78
3/18/2023 16:00,,8.8
3/18/2023 17:00,,8.55
3/18/2023 18:00,,7.679
3/18/2023 19:00,,6.385
3/18/2023 20:00,,4.565
3/18/2023 21:00,,4.564
3/18/2023 22:00,,4.748
3/18/2023 23:00,,4.756
3/19/2023 0:00,,4.5
3/19/2023 1:00,,4.987
3/19/2023 2:00,,5.269
3/19/2023 3:00,,4.959
3/19/2023 4:00,,2.928
3/19/2023 5:00,,0.58
3/19/2023 6:00,,1.711
3/19/2023 7:00,,-0.846
3/19/2023 8:00,,-0.831
3/19/2023 9:00,,-0.433
3/19/2023 10:00,,0.222
3/19/2023 11:00,,1.32
3/19/2023 12:00,,3.923
3/19/2023 13:00,,6.633
3/19/2023 14:00,,9.48
3/19/2023 15:00,,10.96
3/19/2023 16:00,,9.85
3/19/2023 17:00,,9.38
3/19/2023 18:00,,8.39
3/19/2023 19:00,,7.917
3/19/2023 20:00,,7.465
3/19/2023 21:00,,7.051
3/19/2023 22:00,,6.545
3/19/2023 23:00,,5.903
3/20/2023 0:00,,5.143
3/20/2023 1:00,,4.657
3/20/2023 2:00,,4.458
3/20/2023 3:00,,3.015
3/20/2023 4:00,,2.475
3/20/2023 5:00,,3.264
3/20/2023 6:00,,3.48
3/20/2023 7:00,,2.524
3/20/2023 8:00,,0.942
3/20/2023 9:00,,1.458
3/20/2023 10:00,,2.748
3/20/2023 11:00,,1.65
3/20/2023 12:00,,1.708
3/20/2023 13:00,,1.689
3/20/2023 14:00,,2.556
3/20/2023 15:00,,3.108
3/20/2023 16:00,,3.748
3/20/2023 17:00,,4.134
3/20/2023 18:00,,2.415
3/20/2023 19:00,,1.224
3/20/2023 20:00,,0.564
3/20/2023 21:00,,0.332
3/20/2023 22:00,,-0.232
3/20/2023 23:00,,-0.579
3/21/2023 0:00,,-0.499
3/21/2023 1:00,,-0.459
3/21/2023 2:00,,-0.397
3/21/2023 3:00,,-0.315
3/21/2023 4:00,,-0.097
3/21/2023 5:00,,0.233
3/21/2023 6:00,,0.397
3/21/2023 7:00,,1.229
3/21/2023 8:00,,1.401
3/21/2023 9:00,,2.2
3/21/2023 10:00,,3.303
3/21/2023 11:00,,4.311
3/21/2023 12:00,,4.98
3/21/2023 13:00,,5.967
3/21/2023 14:00,,5.423
3/21/2023 15:00,,5.665
3/21/2023 16:00,,7.216
3/21/2023 17:00,,6.755
3/21/2023 18:00,,6.531
3/21/2023 19:00,,5.406
3/21/2023 20:00,,4.309
3/21/2023 21:00,,4.607
3/21/2023 22:00,,4.185
3/21/2023 23:00,,4.32
3/22/2023 0:00,,3.806
3/22/2023 1:00,,2.282
3/22/2023 2:00,,1.102
3/22/2023 3:00,,-0.016
3/22/2023 4:00,,-0.695
3/22/2023 5:00,,-1.081
3/22/2023 6:00,,-1.591
3/22/2023 7:00,,-0.807
3/22/2023 8:00,,-0.653
3/22/2023 9:00,,0.749
3/22/2023 10:00,,3.246
3/22/2023 11:00,,4.57
3/22/2023 12:00,,5.792
3/22/2023 13:00,,6.429
3/22/2023 14:00,,7.257
3/22/2023 15:00,,7.242
3/22/2023 16:00,,8.01
3/22/2023 17:00,,7.783
3/22/2023 18:00,,7.742
3/22/2023 19:00,,6.286
3/22/2023 20:00,,4.897
3/22/2023 21:00,,4.167
3/22/2023 22:00,,2.881
3/22/2023 23:00,,2.627
3/23/2023 0:00,,2.609
3/23/2023 1:00,,2.207
3/23/2023 2:00,,2.58
3/23/2023 3:00,,3.337
3/23/2023 4:00,,3.74
3/23/2023 5:00,,2.735
3/23/2023 6:00,,2.382
3/23/2023 7:00,,2.698
3/23/2023 8:00,,3.45
3/23/2023 9:00,,3.383
3/23/2023 10:00,,4.173
3/23/2023 11:00,,2.369
3/23/2023 12:00,,2.608
3/23/2023 13:00,,4.549
3/23/2023 14:00,,5.992
3/23/2023 15:00,,6.34
3/23/2023 16:00,,6.641
3/23/2023 17:00,,6.834
3/23/2023 18:00,,6.932
3/23/2023 19:00,,6.279
3/23/2023 20:00,,4.389
3/23/2023 21:00,,2.282
3/23/2023 22:00,,1.6
3/23/2023 23:00,,1.02
3/24/2023 0:00,,0.657
3/24/2023 1:00,,-1.861
3/24/2023 2:00,,-1.907
3/24/2023 3:00,,-2.347
3/24/2023 4:00,,-2.358
3/24/2023 5:00,,-2.696
3/24/2023 6:00,,-3.094
3/24/2023 7:00,,-3.788
3/24/2023 8:00,,-4.224
3/24/2023 9:00,,-4.157
3/24/2023 10:00,,-3.095
3/24/2023 11:00,,-1.857
3/24/2023 12:00,,-1.137
3/24/2023 13:00,,-0.707
3/24/2023 14:00,,-0.314
3/24/2023 15:00,,0.891
3/24/2023 16:00,,0.99
3/24/2023 17:00,,1.247
3/24/2023 18:00,,0.853
3/24/2023 19:00,,0.187
3/24/2023 20:00,,-0.51
3/24/2023 21:00,,-1.197
3/24/2023 22:00,,-1.969
3/24/2023 23:00,,-2.438
3/25/2023 0:00,,-4.074
3/25/2023 1:00,,-4.535
3/25/2023 2:00,,-3.553
3/25/2023 3:00,,-3.36
3/25/2023 4:00,,-3.646
3/25/2023 5:00,,-3.359
3/25/2023 6:00,,-3.467
3/25/2023 7:00,,-3.977
3/25/2023 8:00,,-3.686
3/25/2023 9:00,,-4.28
3/25/2023 10:00,,-3.501
3/25/2023 11:00,,-2.601
3/25/2023 12:00,,-1.59
3/25/2023 13:00,,-1.444
3/25/2023 14:00,,0.9
3/25/2023 15:00,,-0.329
3/25/2023 16:00,,0.482
3/25/2023 17:00,,0.295
3/25/2023 18:00,,-0.266
3/25/2023 19:00,,-0.993
3/25/2023 20:00,,-2.112
3/25/2023 21:00,,-3.163
3/25/2023 22:00,,-4.195
3/25/2023 23:00,,-4.807
3/26/2023 0:00,,-5.046
3/26/2023 1:00,,-5.824
3/26/2023 2:00,,-5.769
3/26/2023 3:00,,-6.002
3/26/2023 4:00,,-6.385
3/26/2023 5:00,,-6.351
3/26/2023 6:00,,-6.259
3/26/2023 7:00,,-6.335
3/26/2023 8:00,,-5.254
3/26/2023 9:00,,-3.364
3/26/2023 10:00,,-3.818
3/26/2023 11:00,,-2.581
3/26/2023 12:00,,-1.14
3/26/2023 13:00,,0.093
3/26/2023 14:00,,0.423
3/26/2023 15:00,,1.103
3/26/2023 16:00,,0.92
3/26/2023 17:00,,0.874
3/26/2023 18:00,,0.611
3/26/2023 19:00,,0.942
3/26/2023 20:00,,-0.096
3/26/2023 21:00,,-0.375
3/26/2023 22:00,,-0.17
3/26/2023 23:00,,-0.508
3/27/2023 0:00,,-0.792
3/27/2023 1:00,,-1.039
3/27/2023 2:00,,-2.877
3/27/2023 3:00,,-3.294
3/27/2023 4:00,,-3.985
3/27/2023 5:00,,-4.17
3/27/2023 6:00,,-5.15
3/27/2023 7:00,,-5.431
3/27/2023 8:00,,-4.44
3/27/2023 9:00,,-2.08
3/27/2023 10:00,,0.189
3/27/2023 11:00,,1.683
3/27/2023 12:00,,3.088
3/27/2023 13:00,,3.662
3/27/2023 14:00,,3.133
3/27/2023 15:00,,3.838
3/27/2023 16:00,,4.615
3/27/2023 17:00,,4.21
3/27/2023 18:00,,3.507
3/27/2023 19:00,,2.545
3/27/2023 20:00,,2.393
3/27/2023 21:00,,2.123
3/27/2023 22:00,,2.035
3/27/2023 23:00,,2.174
3/28/2023 0:00,,2.348
3/28/2023 1:00,,2.585
3/28/2023 2:00,,2.295
3/28/2023 3:00,,0.563
3/28/2023 4:00,,0.74
3/28/2023 5:00,,1.599
3/28/2023 6:00,,2.72
3/28/2023 7:00,,2.1
3/28/2023 8:00,,2.102
3/28/2023 9:00,,1.546
3/28/2023 10:00,,1.839
3/28/2023 11:00,,2.338
3/28/2023 12:00,,2.837
3/28/2023 13:00,,3.326
3/28/2023 14:00,,4.686
3/28/2023 15:00,,5.662
3/28/2023 16:00,,6.296
3/28/2023 17:00,,6.838
3/28/2023 18:00,,6.261
3/28/2023 19:00,,6
3/28/2023 20:00,,6.464
3/28/2023 21:00,,7.022
3/28/2023 22:00,,5.86
3/28/2023 23:00,,4.654
3/29/2023 0:00,,3.626
3/29/2023 1:00,,2.419
3/29/2023 2:00,,1.18
3/29/2023 3:00,,1.162
3/29/2023 4:00,,1.944
3/29/2023 5:00,,2.043
3/29/2023 6:00,,1.496
3/29/2023 7:00,,0.633
3/29/2023 8:00,,0.323
3/29/2023 9:00,,0.42
3/29/2023 10:00,,1.816
3/29/2023 11:00,,2.38
3/29/2023 12:00,,2.106
3/29/2023 13:00,,2.37
3/29/2023 14:00,,2.212
3/29/2023 15:00,,2.635
3/29/2023 16:00,,2.342
3/29/2023 17:00,,2.086
3/29/2023 18:00,,2.069
3/29/2023 19:00,,1.399
3/29/2023 20:00,,1.781
3/29/2023 21:00,,1.349
3/29/2023 22:00,,1.253
3/29/2023 23:00,,0.853
3/30/2023 0:00,,0.454
3/30/2023 1:00,,0.192
3/30/2023 2:00,,-0.101
3/30/2023 3:00,,-0.382
3/30/2023 4:00,,-0.657
3/30/2023 5:00,,-1.012
3/30/2023 6:00,,-1.014
3/30/2023 7:00,,-0.979
3/30/2023 8:00,,-0.753
3/30/2023 9:00,,-0.49
3/30/2023 10:00,,-0.231
3/30/2023 11:00,,-0.186
3/30/2023 12:00,,0.257
3/30/2023 13:00,,0.384
3/30/2023 14:00,,0.772
3/30/2023 15:00,,1.137
3/30/2023 16:00,,1.363
3/30/2023 17:00,,1.435
3/30/2023 18:00,,1.735
3/30/2023 19:00,,2.033
3/30/2023 20:00,,2.364
3/30/2023 21:00,,2.709
3/30/2023 22:00,,2.347
3/30/2023 23:00,,2.293
3/31/2023 0:00,,2.332
3/31/2023 1:00,,2.332
3/31/2023 2:00,,2.416
3/31/2023 3:00,,2.129
3/31/2023 4:00,,1.349
3/31/2023 5:00,,1.274
3/31/2023 6:00,,0.853
3/31/2023 7:00,,0.728
3/31/2023 8:00,,1.121
3/31/2023 9:00,,3.234
3/31/2023 10:00,,4.092
3/31/2023 11:00,,5.859
3/31/2023 12:00,,5.099
3/31/2023 13:00,,5.074
3/31/2023 14:00,,5.302
3/31/2023 15:00,,5.974
3/31/2023 16:00,,6.005
3/31/2023 17:00,,3.478
3/31/2023 18:00,,4.073
3/31/2023 19:00,,4.142
3/31/2023 20:00,,3.726
3/31/2023 21:00,,4.848
3/31/2023 22:00,,5.223
3/31/2023 23:00,,5.68
4/1/2023 0:00,,5.804
4/1/2023 1:00,,4.535
4/1/2023 2:00,,2.846
4/1/2023 3:00,,2.03
4/1/2023 4:00,,2.835
4/1/2023 5:00,,1.796
4/1/2023 6:00,,0.755
4/1/2023 7:00,,1.508
4/1/2023 8:00,,1.347
4/1/2023 9:00,,0.817
4/1/2023 10:00,,2.736
4/1/2023 11:00,,4.204
4/1/2023 12:00,,4.944
4/1/2023 13:00,,4.39
4/1/2023 14:00,,0.274
4/1/2023 15:00,,1.219
4/1/2023 16:00,,1.847
4/1/2023 17:00,,2.534
4/1/2023 18:00,,2.455
4/1/2023 19:00,,1.884
4/1/2023 20:00,,0.767
4/1/2023 21:00,,0.325
4/1/2023 22:00,,0.014
4/1/2023 23:00,,0.15
4/2/2023 0:00,,0.483
4/2/2023 1:00,,0.848
4/2/2023 2:00,,0.828
4/2/2023 3:00,,0.951
4/2/2023 4:00,,0.787
4/2/2023 5:00,,0.514
4/2/2023 6:00,,0.326
4/2/2023 7:00,,-0.291
4/2/2023 8:00,,0.278
4/2/2023 9:00,,1.873
4/2/2023 10:00,,3.123
4/2/2023 11:00,,3.021
4/2/2023 12:00,,3.455
4/2/2023 13:00,,3.449
4/2/2023 14:00,,2.186
4/2/2023 15:00,,5.469
4/2/2023 16:00,,5.326
4/2/2023 17:00,,3.664
4/2/2023 18:00,,0.921
4/2/2023 19:00,,1.533
4/2/2023 20:00,,1.899
4/2/2023 21:00,,1.372
4/2/2023 22:00,,0.566
4/2/2023 23:00,,0.315
4/3/2023 0:00,,-0.079
4/3/2023 1:00,,-0.563
4/3/2023 2:00,,-0.707
4/3/2023 3:00,,-1.228
4/3/2023 4:00,,-1.678
4/3/2023 5:00,,-1.926
4/3/2023 6:00,,-2.254
4/3/2023 7:00,,-2.997
4/3/2023 8:00,,-3.102
4/3/2023 9:00,,-3.131
4/3/2023 10:00,,-2.191
4/3/2023 11:00,,-0.788
4/3/2023 12:00,,-0.189
